Auto parts for foreign cars,Auto repair and maintenance (SRT),Alcoholic drinks,Pharmacy,Banks,Fast food,Delivery of ready meals,Womens clothing,Cafe,Cosmetics / Perfume,Nail studios,Vegetables / Fruits,Hairdressers,Payment terminals,Postamats,Grocery stores,Points for issuing online orders,Restaurants,Insurance, Supermarkets,Flowers,Tire Service,population,bus_stop,subway_entrance,tram_stops,primary,primary_link,secondary,secondary_link,tertiary,residential,motorway,unclassified,target
0,0,0,2,0,3,0,0,0,2,0,0,0,7,0,0,1,0,1,6,3,0,0,0,0,0,0,0,0,0,0,0,0,0,95.33333333333331
0,0,0,0,2,0,0,0,0,1,0,0,0,0,1,0,0,0,3,0,0,0,0,0,0,0,0,0,0,0,0,0,0,0,30652.666666666668
0,3,0,0,0,0,0,0,0,0,0,0,2,0,0,0,0,0,0,0,0,0,528,0,0,0,0,0,0,0,0,0,0,0,1162.1666666666663
0,0,0,0,0,0,0,0,0,0,0,0,0,1,2,0,0,0,0,2,0,0,321,0,0,0,0,0,0,0,0,0,0,0,2963.333333333333
0,0,0,2,0,0,0,0,2,1,0,0,0,0,0,0,0,0,0,0,1,0,375,0,0,0,0,0,0,0,0,0,0,0,116.35
0,0,0,0,0,0,0,0,0,3,0,0,0,4,2,0,0,0,0,4,0,0,654,0,0,0,0,0,0,0,0,0,0,0,84.75
0,0,0,0,0,2,0,0,1,4,0,2,2,6,0,1,0,0,0,4,0,0,0,0,0,0,0,0,0,0,0,0,0,0,14452.166666666666
0,0,0,0,0,2,0,0,1,4,0,2,2,6,0,1,0,0,0,4,0,0,0,0,0,0,0,0,0,0,0,0,0,0,88.33333333333333
0,0,0,0,0,0,0,0,0,0,0,0,0,0,0,0,1,0,0,2,0,0,0,0,0,0,0,0,0,0,0,0,0,0,154.33333333333334
0,0,0,0,0,0,0,0,0,0,0,0,0,0,2,0,0,3,0,5,0,0,451,0,0,0,0,0,0,0,0,0,0,0,80.83333333333333
0,0,0,2,0,11,2,14,0,3,0,8,0,5,0,1,1,1,0,5,1,0,0,0,0,0,0,0,0,0,0,0,0,0,75.2
0,0,2,4,0,0,0,0,2,0,0,0,0,0,0,0,0,0,0,0,0,0,528,0,0,0,0,0,0,0,0,0,0,0,6947.0
2,0,0,0,1,0,4,11,1,1,1,0,2,0,3,0,1,0,0,2,0,1,0,0,0,0,0,0,0,0,0,0,0,0,104.5
0,0,0,0,2,0,0,0,0,0,0,0,0,2,3,0,1,0,0,2,0,0,398,0,0,0,0,0,0,0,0,0,0,0,31721.0
0,0,0,0,1,0,0,0,0,0,0,0,0,2,0,0,0,0,0,2,0,0,120,0,0,0,0,0,0,0,0,0,0,0,5670.666666666666
0,0,0,0,0,3,0,17,0,3,1,0,0,3,0,0,0,0,0,2,0,0,0,0,0,0,0,0,0,0,0,0,0,0,128.5
0,0,0,0,0,8,2,25,4,2,0,0,0,0,0,1,0,2,0,2,1,0,0,0,0,0,0,0,0,0,0,0,0,0,11998.833333333334
0,0,0,0,0,8,2,25,4,2,0,0,0,0,0,1,0,2,0,2,1,0,0,0,0,0,0,0,0,0,0,0,0,0,85.45
0,0,0,2,1,1,0,0,0,0,2,2,4,1,0,0,0,0,0,2,1,0,154,0,0,0,0,0,0,0,0,0,0,0,25635.0
0,0,0,4,0,6,2,35,3,6,2,0,0,3,2,0,0,0,0,0,1,0,0,0,0,0,0,0,0,0,0,0,0,0,12009.166666666666
0,0,0,4,0,6,2,35,3,6,2,0,0,3,2,0,0,0,0,0,1,0,0,0,0,0,0,0,0,0,0,0,0,0,76.6
1,2,0,0,0,0,0,0,0,0,0,0,0,0,0,0,1,0,0,0,0,0,514,0,0,0,0,0,0,0,0,0,0,0,1061.3333333333333
0,0,0,2,7,0,0,0,0,0,0,0,0,1,1,0,0,0,1,0,0,0,716,0,0,0,0,0,0,0,0,0,0,0,33090.16666666667
0,0,0,0,0,0,0,0,0,0,0,0,0,0,1,0,0,0,0,0,0,0,1023,0,0,0,0,0,0,0,0,0,0,0,56.55
0,0,0,0,1,0,0,0,0,0,0,0,0,0,0,0,0,1,0,0,1,0,163,0,0,0,0,0,0,0,0,0,0,0,548.6666666666666
0,0,0,2,0,2,2,3,0,6,2,0,1,3,0,0,1,8,1,4,0,0,0,0,0,0,0,0,0,0,0,0,0,0,85.81666666666666
0,0,0,0,0,0,0,0,1,0,6,0,2,0,2,0,0,0,1,2,0,0,0,0,0,0,0,0,0,0,0,0,0,0,17561.0
0,0,0,0,0,2,0,0,0,0,0,0,0,0,0,0,0,0,0,0,0,0,0,0,0,0,0,0,0,0,0,0,0,0,1325.0
0,0,0,0,0,0,0,0,1,0,0,0,0,0,0,0,0,0,0,0,0,0,0,0,0,0,0,0,0,0,0,0,0,0,24696.500000000004
1,0,0,0,0,3,0,1,4,0,7,0,0,0,0,0,0,2,0,2,0,0,0,0,0,0,0,0,0,0,0,0,0,0,13970.833333333336
0,0,0,0,0,0,0,0,0,0,0,0,1,2,1,0,0,0,0,4,1,0,418,0,0,0,0,0,0,0,0,0,0,0,2478.5
0,0,0,2,0,2,0,0,0,0,0,5,2,1,0,0,3,0,0,0,0,0,0,0,0,0,0,0,0,0,0,0,0,0,88.23333333333333
0,0,0,4,0,2,2,6,0,2,0,1,0,3,4,0,1,0,0,4,2,0,0,0,0,0,0,0,0,0,0,0,0,0,70.1
0,0,0,0,0,0,0,1,0,0,0,0,0,0,0,0,0,0,1,0,0,0,0,0,0,0,0,0,0,0,0,0,0,0,426.0
0,0,2,2,0,0,0,0,0,0,0,0,2,0,0,0,0,0,0,0,0,0,225,0,0,0,0,0,0,0,0,0,0,0,1132.0
0,0,0,0,0,1,3,95,3,10,0,0,0,2,0,0,0,4,0,0,0,0,0,0,0,0,0,0,0,0,0,0,0,0,29698.166666666664
0,0,0,0,0,1,3,95,3,10,0,0,0,2,0,0,0,4,0,0,0,0,0,0,0,0,0,0,0,0,0,0,0,0,104.5
0,0,0,0,0,0,0,6,1,0,0,0,1,0,0,0,0,0,0,4,1,0,0,0,0,0,0,0,0,0,0,0,0,0,560.6666666666666
0,0,0,2,1,2,0,13,0,0,1,0,0,3,0,0,0,0,0,0,0,0,394,0,0,0,0,0,0,0,0,0,0,0,10876.333333333332
0,0,0,2,1,2,0,13,0,0,1,0,0,3,0,0,0,0,0,0,0,0,394,0,0,0,0,0,0,0,0,0,0,0,76.96666666666667
0,0,0,2,0,0,0,0,0,0,0,0,2,0,0,0,0,0,0,0,0,0,931,0,0,0,0,0,0,0,0,0,0,0,7527.0
0,0,0,2,0,3,0,28,0,7,1,2,0,6,1,0,0,0,1,0,0,0,0,0,0,0,0,0,0,0,0,0,0,0,13572.0
0,0,0,2,0,3,0,28,0,7,1,2,0,6,1,0,0,0,1,0,0,0,0,0,0,0,0,0,0,0,0,0,0,0,76.1
0,0,0,2,0,0,0,0,0,0,0,1,0,0,1,0,0,0,0,2,0,0,0,0,0,0,0,0,0,0,0,0,0,0,10656.666666666666
0,0,0,2,0,0,0,0,1,0,1,0,1,0,2,1,0,0,0,0,0,0,653,0,0,0,0,0,0,0,0,0,0,0,1924.1666666666667
0,0,0,0,1,2,0,8,0,3,1,0,0,3,0,0,0,0,1,0,1,0,0,0,0,0,0,0,0,0,0,0,0,0,11835.666666666666
0,0,0,0,1,2,0,8,0,3,1,0,0,3,0,0,0,0,1,0,1,0,0,0,0,0,0,0,0,0,0,0,0,0,103.83333333333334
1,0,0,2,0,1,3,4,0,0,1,1,3,0,1,1,2,0,0,4,1,1,331,0,0,0,0,0,0,0,0,0,0,0,76.76666666666668
0,0,2,0,0,6,0,14,0,2,0,0,0,2,0,0,0,0,0,0,0,0,0,0,0,0,0,0,0,0,0,0,0,0,16788.166666666668
1,0,0,2,0,0,0,0,0,2,0,0,0,2,1,0,0,0,1,2,0,0,1080,0,0,0,0,0,0,0,0,0,0,0,9539.5
0,0,0,2,3,0,0,1,0,0,0,0,2,1,0,0,2,0,0,0,0,0,1126,0,0,0,0,0,0,0,0,0,0,0,46.23333333333333
0,0,0,0,1,1,0,0,0,0,0,0,0,0,0,0,0,0,0,0,1,0,782,0,0,0,0,0,0,0,0,0,0,0,58.016666666666666
0,0,0,0,0,0,0,0,0,1,0,0,1,0,0,0,0,0,0,0,0,0,0,0,0,0,0,0,0,0,0,0,0,0,2403.666666666667
0,0,0,0,0,0,0,0,0,0,0,0,2,0,0,0,0,0,0,0,0,0,57,0,0,0,0,0,0,0,0,0,0,0,12485.166666666668
0,0,0,0,0,0,0,0,0,0,0,0,0,0,0,0,0,0,0,0,0,3,0,0,0,0,0,0,0,0,0,0,0,0,114.33333333333334
0,0,0,0,0,1,0,4,1,1,0,0,0,0,0,0,0,4,0,2,0,0,0,0,0,0,0,0,0,0,0,0,0,0,5314.666666666667
0,0,0,2,2,0,0,6,0,2,0,1,0,6,2,0,0,2,1,2,1,0,0,0,0,0,0,0,0,0,0,0,0,0,24350.5
0,0,0,2,2,0,0,6,0,2,0,1,0,6,2,0,0,2,1,2,1,0,0,0,0,0,0,0,0,0,0,0,0,0,98.5
0,6,0,0,0,0,0,0,0,0,0,0,0,0,0,0,0,0,0,0,0,0,0,0,0,0,0,0,0,0,0,0,0,0,225.5
0,0,0,0,0,1,0,0,1,0,2,0,0,1,0,0,0,0,0,0,0,0,0,0,0,0,0,0,0,0,0,0,0,0,3233.5
0,0,2,2,0,0,0,3,0,0,0,0,2,0,0,0,0,0,0,0,0,0,674,0,0,0,0,0,0,0,0,0,0,0,85.06666666666666
2,0,0,0,0,1,0,19,0,6,0,0,2,0,1,0,2,0,0,3,1,0,0,0,0,0,0,0,0,0,0,0,0,0,91.0
0,0,4,2,0,0,0,0,0,0,1,0,0,0,0,0,0,0,1,0,0,0,439,0,0,0,0,0,0,0,0,0,0,0,32825.50000000001
0,0,0,6,0,6,0,0,0,2,0,1,2,2,0,0,1,0,0,2,0,0,103,0,0,0,0,0,0,0,0,0,0,0,79.23333333333333
2,0,0,2,0,7,4,36,2,7,1,0,0,5,1,0,0,0,1,4,0,0,0,0,0,0,0,0,0,0,0,0,0,0,15842.0
0,0,0,0,0,2,0,0,0,2,1,0,0,0,0,0,1,0,0,0,0,0,258,0,0,0,0,0,0,0,0,0,0,0,2168.6666666666665
0,0,0,2,1,0,0,0,1,0,0,0,0,0,2,0,0,0,1,0,0,0,199,0,0,0,0,0,0,0,0,0,0,0,83.78333333333333
0,0,0,0,3,3,2,4,0,2,0,0,0,1,1,0,0,0,0,4,0,0,230,0,0,0,0,0,0,0,0,0,0,0,27046.250000000004
0,0,0,2,3,1,2,0,5,0,0,0,1,0,0,0,1,0,0,0,1,0,485,0,0,0,0,0,0,0,0,0,0,0,76.6
0,1,0,0,2,0,0,3,2,0,0,0,2,1,0,0,0,0,0,0,1,3,451,0,0,0,0,0,0,0,0,0,0,0,15371.5
0,0,0,0,2,1,0,0,1,1,0,0,1,0,0,0,0,1,1,2,0,0,0,0,0,0,0,0,0,0,0,0,0,0,22148.0
0,0,0,0,0,0,0,0,1,0,0,0,0,0,1,0,0,0,0,0,0,0,0,0,0,0,0,0,0,0,0,0,0,0,2604.4166666666665
0,0,0,0,0,0,0,0,1,0,0,0,0,0,1,0,0,0,0,0,0,0,0,0,0,0,0,0,0,0,0,0,0,0,93.5
0,0,0,0,0,0,0,0,0,0,0,2,0,0,0,0,0,0,0,0,0,0,998,0,0,0,0,0,0,0,0,0,0,0,177.0
0,0,0,0,2,0,1,0,0,0,4,0,0,0,3,0,1,0,0,3,0,1,1766,0,0,0,0,0,0,0,0,0,0,0,12934.333333333332
0,0,0,0,0,0,0,0,0,0,0,0,1,1,1,0,0,0,0,0,0,0,0,0,0,0,0,0,0,0,0,0,0,0,20212.833333333336
0,0,0,2,1,0,3,6,0,0,0,0,2,1,0,0,4,0,0,2,0,0,710,0,0,0,0,0,0,0,0,0,0,0,24097.5
0,0,0,0,0,8,2,57,5,7,0,1,0,6,0,0,2,0,0,2,0,0,0,0,0,0,0,0,0,0,0,0,0,0,25383.33333333333
0,0,0,0,0,8,2,57,5,7,0,1,0,6,0,0,2,0,0,2,0,0,0,0,0,0,0,0,0,0,0,0,0,0,152.0
0,0,2,2,0,0,0,0,0,0,0,0,0,1,1,0,0,0,1,4,0,0,156,0,0,0,0,0,0,0,0,0,0,0,11228.833333333334
0,0,0,0,0,0,2,5,0,2,0,1,0,1,1,0,1,0,0,2,0,0,998,0,0,0,0,0,0,0,0,0,0,0,17944.333333333332
1,0,0,0,0,0,2,0,0,0,0,0,0,0,0,0,0,0,0,4,0,1,0,0,0,0,0,0,0,0,0,0,0,0,892.6666666666665
0,0,0,0,0,0,0,0,0,0,0,0,0,1,1,0,0,0,0,0,0,0,0,0,0,0,0,0,0,0,0,0,0,0,8268.166666666666
0,0,0,4,1,2,0,0,0,0,0,1,2,3,1,0,0,0,0,0,1,0,447,0,0,0,0,0,0,0,0,0,0,0,975.1666666666669
0,0,0,4,1,2,0,0,0,0,0,1,2,3,1,0,0,0,0,0,1,0,447,0,0,0,0,0,0,0,0,0,0,0,87.81666666666666
0,0,0,0,0,0,0,0,0,0,0,0,0,0,1,0,0,0,0,0,0,0,0,0,0,0,0,0,0,0,0,0,0,0,12864.5
0,3,0,0,0,0,0,0,0,0,0,0,0,0,0,0,0,0,0,0,0,0,0,0,0,0,0,0,0,0,0,0,0,0,5272.0
0,0,0,0,0,0,0,22,0,6,0,0,0,3,0,0,0,0,0,0,0,0,0,0,0,0,0,0,0,0,0,0,0,0,7754.333333333334
0,0,0,0,0,0,0,22,0,6,0,0,0,3,0,0,0,0,0,0,0,0,0,0,0,0,0,0,0,0,0,0,0,0,80.66666666666666
0,0,0,4,1,3,2,90,0,7,0,0,2,7,3,0,1,0,0,0,0,0,10,0,0,0,0,0,0,0,0,0,0,0,5644.666666666666
0,0,0,4,1,3,2,90,0,7,0,0,2,7,3,0,1,0,0,0,0,0,10,0,0,0,0,0,0,0,0,0,0,0,79.16666666666666
0,0,0,2,4,1,0,2,0,3,0,0,0,6,3,0,1,0,1,4,1,0,113,0,0,0,0,0,0,0,0,0,0,0,21944.5
0,0,0,0,0,0,0,9,0,0,1,0,0,0,0,0,1,5,0,0,0,0,427,0,0,0,0,0,0,0,0,0,0,0,5609.5
0,5,0,0,0,0,0,0,0,0,0,0,0,0,0,0,0,0,0,0,0,0,12,0,0,0,0,0,0,0,0,0,0,0,434.16666666666674
2,0,1,2,1,3,3,0,2,1,0,1,2,5,5,0,5,0,3,2,0,0,847,0,0,0,0,0,0,0,0,0,0,0,5557.833333333333
0,0,0,0,2,0,0,0,0,1,0,0,0,3,0,1,0,0,1,3,2,0,173,0,0,0,0,0,0,0,0,0,0,0,9339.666666666666
0,0,1,2,0,0,0,25,1,1,1,0,0,4,4,0,0,0,0,0,0,0,0,0,0,0,0,0,0,0,0,0,0,0,5303.0
0,0,1,2,0,0,0,25,1,1,1,0,0,4,4,0,0,0,0,0,0,0,0,0,0,0,0,0,0,0,0,0,0,0,81.16666666666667
0,0,0,0,0,0,0,5,0,1,0,0,0,0,0,0,0,0,1,0,0,0,269,0,0,0,0,0,0,0,0,0,0,0,3927.0
0,0,0,0,3,2,0,0,0,0,0,0,0,0,2,0,0,0,1,0,0,0,0,0,0,0,0,0,0,0,0,0,0,0,28998.833333333336
0,0,1,4,0,2,2,28,1,5,0,0,0,8,3,0,1,0,0,3,1,0,0,0,0,0,0,0,0,0,0,0,0,0,11849.833333333334
0,0,0,2,1,0,0,0,0,2,0,0,0,3,1,0,0,0,1,3,1,0,259,0,0,0,0,0,0,0,0,0,0,0,9932.833333333332
0,0,0,2,0,0,0,0,0,0,0,0,2,3,1,0,2,0,1,0,0,0,0,0,0,0,0,0,0,0,0,0,0,0,13906.5
0,0,0,0,0,0,0,0,0,0,0,0,2,0,0,0,1,1,0,0,1,0,0,0,0,0,0,0,0,0,0,0,0,0,789.6666666666667
0,0,0,0,0,0,0,0,0,4,0,0,0,0,1,0,0,0,1,0,0,0,0,0,0,0,0,0,0,0,0,0,0,0,2623.0
2,0,0,2,2,0,0,4,0,1,0,0,2,3,1,4,0,0,0,0,1,0,897,0,0,0,0,0,0,0,0,0,0,0,577.9166666666666
0,0,0,0,0,0,0,3,0,1,0,0,0,1,0,0,0,0,0,0,0,0,0,0,0,0,0,0,0,0,0,0,0,0,7166.5
0,0,2,4,0,2,8,51,1,8,0,0,0,7,5,0,2,0,0,3,1,0,0,0,0,0,0,0,0,0,0,0,0,0,8473.0
0,0,0,2,0,0,0,4,0,8,0,3,3,1,3,0,1,0,0,4,0,0,0,0,0,0,0,0,0,0,0,0,0,0,1294.0
0,0,0,2,0,0,0,0,0,0,0,0,2,0,0,0,0,0,0,0,0,0,955,0,0,0,0,0,0,0,0,0,0,0,60.35
0,0,0,4,1,0,3,46,0,7,2,0,0,3,0,0,1,2,0,4,0,0,0,0,0,0,0,0,0,0,0,0,0,0,7134.166666666666
0,0,0,2,0,0,0,0,0,3,0,0,3,1,0,2,0,0,1,0,0,0,586,0,0,0,0,0,0,0,0,0,0,0,35518.83333333333
0,0,0,2,0,0,0,7,0,1,0,1,0,2,2,0,0,0,0,4,0,0,274,0,0,0,0,0,0,0,0,0,0,0,8881.666666666668
0,0,0,0,4,4,0,21,0,3,1,0,0,11,5,0,1,0,0,4,1,0,524,0,0,0,0,0,0,0,0,0,0,0,2669.4
2,0,0,0,1,0,0,0,0,0,1,0,1,3,1,0,0,0,1,3,1,2,859,0,0,0,0,0,0,0,0,0,0,0,12911.0
5,0,0,0,0,0,0,0,0,0,0,0,0,0,0,0,0,0,0,0,0,0,0,0,0,0,0,0,0,0,0,0,0,0,267.8333333333333
0,0,0,4,0,2,0,0,0,3,0,2,0,0,2,0,0,0,0,0,1,0,288,0,0,0,0,0,0,0,0,0,0,0,10703.333333333334
0,0,1,2,0,1,0,9,2,2,0,1,2,1,2,3,1,0,0,0,0,0,0,0,0,0,0,0,0,0,0,0,0,0,7296.666666666666
0,0,1,2,0,2,0,30,0,7,0,0,0,4,1,0,0,0,0,0,0,0,0,0,0,0,0,0,0,0,0,0,0,0,82.33333333333333
0,0,0,2,2,5,0,5,2,3,3,0,0,4,6,0,0,0,1,2,0,0,0,0,0,0,0,0,0,0,0,0,0,0,4262.333333333334
0,0,0,4,0,0,0,0,0,3,0,1,2,0,5,0,0,0,0,2,0,1,0,0,0,0,0,0,0,0,0,0,0,0,6644.166666666668
0,0,0,2,0,0,0,12,0,5,2,0,0,4,4,0,1,0,0,4,2,0,0,0,0,0,0,0,0,0,0,0,0,0,14742.0
0,0,0,0,0,0,0,44,0,1,0,1,0,0,0,0,0,2,0,0,0,0,0,0,0,0,0,0,0,0,0,0,0,0,20270.666666666664
0,0,0,0,0,0,0,44,0,1,0,1,0,0,0,0,0,2,0,0,0,0,0,0,0,0,0,0,0,0,0,0,0,0,86.16666666666666
0,0,0,0,0,2,0,49,0,4,1,0,1,1,3,0,0,0,0,0,0,0,0,0,0,0,0,0,0,0,0,0,0,0,11828.666666666668
0,0,0,2,3,0,1,1,0,0,0,1,2,2,0,0,0,0,1,0,0,0,89,0,0,0,0,0,0,0,0,0,0,0,2332.0
0,0,1,2,0,0,0,0,0,0,0,0,0,1,0,1,0,0,0,0,2,0,860,0,0,0,0,0,0,0,0,0,0,0,29302.166666666668
0,0,0,0,1,0,0,0,0,0,0,0,0,0,0,0,0,0,0,3,0,0,171,0,0,0,0,0,0,0,0,0,0,0,107.76666666666668
0,0,1,8,0,0,3,64,0,2,0,0,1,1,6,0,0,4,0,0,2,0,106,0,0,0,0,0,0,0,0,0,0,0,27013.63333333333
0,0,0,2,2,0,0,0,0,0,0,0,0,0,0,0,0,0,0,0,0,0,192,0,0,0,0,0,0,0,0,0,0,0,24508.83333333333
0,0,1,4,0,1,0,3,0,2,1,3,6,3,4,0,1,0,2,0,0,0,210,0,0,0,0,0,0,0,0,0,0,0,9287.533333333333
0,0,0,2,0,0,0,0,0,0,0,1,1,2,1,0,0,0,0,5,0,0,0,0,0,0,0,0,0,0,0,0,0,0,7163.666666666668
0,0,0,4,0,1,0,0,0,0,2,1,0,1,2,0,0,0,0,3,1,0,460,0,0,0,0,0,0,0,0,0,0,0,7372.300000000001
0,0,0,0,0,0,0,0,0,0,0,0,0,0,0,0,1,0,2,0,0,0,0,0,0,0,0,0,0,0,0,0,0,0,253.16666666666669
0,0,0,0,0,3,0,13,0,0,0,0,1,4,3,0,0,0,0,4,1,0,0,0,0,0,0,0,0,0,0,0,0,0,12219.266666666666
0,0,0,0,0,0,0,0,0,0,0,0,0,0,0,0,0,3,0,0,0,0,0,0,0,0,0,0,0,0,0,0,0,0,1837.8333333333333
0,0,0,2,0,0,0,1,2,2,6,0,5,2,1,0,1,0,0,2,1,0,298,0,0,0,0,0,0,0,0,0,0,0,1073.8333333333333
0,0,0,0,0,2,0,7,0,0,0,1,0,2,3,0,1,0,0,4,1,0,720,0,0,0,0,0,0,0,0,0,0,0,12056.333333333334
0,0,0,0,0,0,0,0,0,0,1,0,0,0,0,0,0,0,0,0,0,0,0,0,0,0,0,0,0,0,0,0,0,0,1600.833333333333
0,0,2,6,0,2,0,10,0,3,0,5,7,3,1,3,3,0,1,2,2,0,0,0,0,0,0,0,0,0,0,0,0,0,107.0
0,0,0,2,0,2,0,4,0,4,0,0,4,7,2,0,0,0,0,3,0,0,0,0,0,0,0,0,0,0,0,0,0,0,16632.5
0,0,1,2,0,0,0,0,0,3,0,0,4,2,0,0,0,0,0,4,0,0,825,0,0,0,0,0,0,0,0,0,0,0,13597.5
0,5,0,0,0,0,0,0,0,0,0,0,0,0,0,0,0,0,0,0,0,0,0,0,0,0,0,0,0,0,0,0,0,0,579.5
0,2,0,2,0,3,0,0,0,0,0,1,0,0,0,0,0,0,0,0,0,0,0,0,0,0,0,0,0,0,0,0,0,0,9853.166666666668
0,0,0,0,0,0,0,0,0,0,0,0,0,5,0,0,0,0,0,0,0,0,0,0,0,0,0,0,0,0,0,0,0,0,34600.333333333336
0,0,0,0,0,0,0,0,0,0,0,0,0,5,0,0,0,0,0,0,0,0,0,0,0,0,0,0,0,0,0,0,0,0,76.45
0,0,0,2,0,2,0,0,0,2,0,0,2,2,1,0,0,0,0,3,1,0,546,0,0,0,0,0,0,0,0,0,0,0,12464.166666666668
2,0,0,0,0,0,0,1,0,0,0,0,0,0,4,0,0,0,0,0,0,0,0,0,0,0,0,0,0,0,0,0,0,0,128.0
0,0,0,4,0,4,0,12,0,4,1,0,3,6,4,0,2,0,0,0,1,0,0,0,0,0,0,0,0,0,0,0,0,0,23866.93333333333
0,0,3,2,0,0,0,0,0,0,0,0,2,1,0,0,0,0,0,3,1,0,1100,0,0,0,0,0,0,0,0,0,0,0,6693.133333333333
0,0,0,2,1,2,0,0,0,3,0,0,0,0,0,0,0,0,0,0,1,0,0,0,0,0,0,0,0,0,0,0,0,0,7725.6
0,0,1,2,2,3,0,7,0,9,4,2,0,6,4,0,2,0,1,2,0,0,140,0,0,0,0,0,0,0,0,0,0,0,30140.166666666668
0,0,1,2,2,3,0,7,0,9,4,2,0,6,4,0,2,0,1,2,0,0,140,0,0,0,0,0,0,0,0,0,0,0,125.66666666666669
0,0,0,2,0,1,0,0,0,1,0,1,0,1,2,0,0,0,0,2,0,0,358,0,0,0,0,0,0,0,0,0,0,0,7916.833333333334
1,0,1,2,2,1,0,2,0,6,6,2,3,4,4,0,3,0,0,0,0,0,420,0,0,0,0,0,0,0,0,0,0,0,8709.5
1,0,1,2,2,1,0,2,0,6,6,2,3,4,4,0,3,0,0,0,0,0,420,0,0,0,0,0,0,0,0,0,0,0,119.33333333333331
0,0,1,2,3,7,0,2,3,1,1,1,2,1,0,1,1,0,1,0,0,0,208,0,0,0,0,0,0,0,0,0,0,0,6453.5
0,0,1,2,0,0,0,0,0,2,0,0,1,5,5,0,2,0,0,2,0,0,0,0,0,0,0,0,0,0,0,0,0,0,17394.3
0,0,0,0,3,0,0,0,0,0,0,1,0,2,1,0,0,2,0,5,0,0,242,0,0,0,0,0,0,0,0,0,0,0,25437.016666666663
0,0,0,2,2,0,1,1,1,3,1,0,5,3,2,0,1,0,0,3,1,0,0,0,0,0,0,0,0,0,0,0,0,0,2150.6666666666665
2,0,0,0,0,0,0,0,0,0,0,0,0,0,0,0,0,0,0,0,0,0,0,0,0,0,0,0,0,0,0,0,0,0,1380.8333333333333
0,0,0,2,0,21,3,16,6,8,8,0,0,2,5,0,2,1,0,0,0,0,0,0,0,0,0,0,0,0,0,0,0,0,1655.0
0,0,0,7,2,0,0,0,0,0,0,0,1,2,1,0,1,0,1,0,0,0,778,0,0,0,0,0,0,0,0,0,0,0,31303.0
0,0,0,0,0,0,2,0,2,0,0,0,0,2,4,0,0,0,0,2,0,0,387,0,0,0,0,0,0,0,0,0,0,0,1301.3333333333337
0,0,0,2,0,2,0,60,0,9,1,0,2,4,0,0,0,0,0,0,0,0,0,0,0,0,0,0,0,0,0,0,0,0,15737.333333333334
0,0,0,2,0,2,0,60,0,9,1,0,2,4,0,0,0,0,0,0,0,0,0,0,0,0,0,0,0,0,0,0,0,0,0.0
0,0,0,6,2,0,0,3,0,0,4,0,0,2,2,0,0,1,1,5,0,0,845,0,0,0,0,0,0,0,0,0,0,0,17056.0
0,0,0,2,0,7,1,19,7,9,1,0,0,4,0,0,0,0,0,0,0,0,0,0,0,0,0,0,0,0,0,0,0,0,9467.166666666666
0,0,0,0,0,0,3,0,0,3,0,0,0,1,2,0,0,0,2,4,0,0,1810,0,0,0,0,0,0,0,0,0,0,0,49.33333333333333
0,0,0,4,0,3,3,5,0,5,1,1,0,5,1,0,1,0,0,4,0,1,360,0,0,0,0,0,0,0,0,0,0,0,3071.833333333333
0,0,0,4,0,3,3,5,0,5,1,1,0,5,1,0,1,0,0,4,0,1,360,0,0,0,0,0,0,0,0,0,0,0,97.66666666666666
0,0,0,8,6,3,0,18,0,1,1,2,2,4,1,0,0,0,0,6,0,0,672,0,0,0,0,0,0,0,0,0,0,0,82499.16666666667
0,0,0,2,3,5,0,1,0,1,0,1,0,4,7,1,2,0,0,0,1,0,0,0,0,0,0,0,0,0,0,0,0,0,183.0
0,0,2,6,0,6,0,0,0,2,1,0,3,6,1,1,0,0,0,2,1,0,0,0,0,0,0,0,0,0,0,0,0,0,109.66666666666669
0,0,0,0,0,7,3,13,3,2,0,0,1,3,0,0,0,0,0,0,0,0,0,0,0,0,0,0,0,0,0,0,0,0,13292.75
0,0,0,0,0,0,0,1,0,2,3,0,0,0,0,2,0,0,3,0,0,0,913,0,0,0,0,0,0,0,0,0,0,0,1326.0
0,0,0,0,0,0,0,0,0,0,0,0,2,0,0,0,0,0,0,0,0,0,10,0,0,0,0,0,0,0,0,0,0,0,1915.6666666666667
0,0,0,0,0,0,0,0,0,3,0,1,2,1,2,0,0,0,0,2,0,0,340,0,0,0,0,0,0,0,0,0,0,0,1670.5
0,0,0,0,0,0,0,2,0,2,0,3,3,1,0,0,0,0,0,2,0,0,20,0,0,0,0,0,0,0,0,0,0,0,7012.0
0,0,0,0,0,0,0,1,0,0,6,0,0,0,0,0,1,0,0,0,0,0,399,0,0,0,0,0,0,0,0,0,0,0,10624.25
0,0,0,8,1,2,4,13,1,8,0,1,2,4,3,0,2,0,2,5,0,0,1228,0,0,0,0,0,0,0,0,0,0,0,7108.666666666666
0,0,0,8,1,2,4,13,1,8,0,1,2,4,3,0,2,0,2,5,0,0,1228,0,0,0,0,0,0,0,0,0,0,0,95.5
0,0,0,0,0,0,0,0,0,0,0,0,0,2,0,0,0,0,0,2,0,0,600,0,0,0,0,0,0,0,0,0,0,0,2538.9166666666665
0,1,1,2,0,3,3,6,0,1,1,1,3,1,2,0,3,0,0,2,1,0,518,0,0,0,0,0,0,0,0,0,0,0,94.66666666666666
0,0,0,0,0,0,0,0,0,0,0,0,0,2,0,0,0,0,0,3,0,0,0,0,0,0,0,0,0,0,0,0,0,0,4301.666666666666
0,0,0,2,0,0,2,0,0,0,0,0,0,1,0,0,0,0,1,0,0,0,0,0,0,0,0,0,0,0,0,0,0,0,12635.833333333332
1,0,0,0,0,0,0,0,0,0,0,0,0,0,0,0,0,0,0,0,0,0,0,0,0,0,0,0,0,0,0,0,0,0,1337.0833333333333
0,0,1,0,0,0,0,0,0,3,1,1,1,1,3,1,0,0,0,0,1,0,545,0,0,0,0,0,0,0,0,0,0,0,11786.333333333332
0,0,1,2,0,0,0,7,2,2,3,1,1,1,3,1,0,0,0,0,1,0,0,0,0,0,0,0,0,0,0,0,0,0,100.0
0,0,0,0,6,0,0,11,1,1,2,0,6,1,0,0,1,0,0,0,0,0,200,0,0,0,0,0,0,0,0,0,0,0,22128.333333333336
0,0,0,7,3,8,2,36,0,4,8,2,7,2,3,1,0,0,0,3,0,0,400,0,0,0,0,0,0,0,0,0,0,0,98.0
0,0,2,8,0,1,4,9,5,3,0,1,5,1,1,0,0,0,0,2,1,0,713,0,0,0,0,0,0,0,0,0,0,0,9726.166666666668
0,0,0,0,0,0,0,1,0,0,0,0,0,0,1,0,0,1,0,0,1,0,0,0,0,0,0,0,0,0,0,0,0,0,19655.83333333333
0,0,0,0,0,0,0,1,0,0,0,0,0,0,1,0,0,1,0,0,1,0,0,0,0,0,0,0,0,0,0,0,0,0,68.58333333333333
0,0,0,0,4,2,0,7,0,0,0,0,0,1,1,0,1,0,0,0,1,0,178,0,0,0,0,0,0,0,0,0,0,0,24889.08333333333
0,0,0,4,2,0,1,4,0,0,0,1,2,0,0,0,0,2,0,0,1,0,182,0,0,0,0,0,0,0,0,0,0,0,33237.0
0,0,0,2,0,0,0,0,0,0,0,0,0,0,0,0,0,0,0,0,0,0,0,0,0,0,0,0,0,0,0,0,0,0,2175.6666666666665
0,0,0,0,0,2,0,11,0,0,0,0,0,0,0,0,0,0,0,0,0,0,0,0,0,0,0,0,0,0,0,0,0,0,5998.333333333333
0,0,0,2,1,4,0,0,0,3,5,0,5,1,0,0,0,5,0,2,1,0,0,0,0,0,0,0,0,0,0,0,0,0,10518.833333333334
0,0,0,2,1,4,0,0,0,3,5,0,5,1,0,0,0,5,0,2,1,0,0,0,0,0,0,0,0,0,0,0,0,0,108.83333333333334
0,0,1,0,6,0,0,0,0,0,0,0,0,2,2,0,1,0,2,0,0,0,554,0,0,0,0,0,0,0,0,0,0,0,35491.33333333333
0,0,0,0,0,0,0,0,0,0,0,0,0,1,0,0,0,0,0,0,0,0,0,0,0,0,0,0,0,0,0,0,0,0,5519.0
0,0,0,2,0,0,1,4,0,2,1,0,2,2,4,0,0,0,0,3,0,0,0,0,0,0,0,0,0,0,0,0,0,0,7359.333333333334
0,0,0,0,0,0,0,1,0,0,0,0,0,0,0,0,0,0,0,0,0,0,0,0,0,0,0,0,0,0,0,0,0,0,974.8333333333334
0,0,0,2,0,0,0,6,0,3,0,0,0,2,1,0,1,0,0,0,0,0,630,0,0,0,0,0,0,0,0,0,0,0,8226.833333333334
0,0,0,0,3,2,1,0,0,0,0,1,2,1,0,0,0,0,0,3,3,0,0,0,0,0,0,0,0,0,0,0,0,0,12256.433333333334
0,0,0,0,0,0,0,0,0,0,0,0,0,2,0,0,0,0,0,3,0,0,606,0,0,0,0,0,0,0,0,0,0,0,780.5
0,0,0,0,0,0,0,0,0,0,0,1,0,0,0,0,0,0,0,0,0,0,120,0,0,0,0,0,0,0,0,0,0,0,15523.0
2,0,0,0,0,0,0,0,0,0,0,0,0,0,0,0,0,0,0,0,0,0,0,0,0,0,0,0,0,0,0,0,0,0,90.61666666666667
0,0,0,0,0,0,0,0,0,0,0,1,0,4,0,4,1,0,0,3,1,0,672,0,0,0,0,0,0,0,0,0,0,0,2081.5
1,0,0,0,0,0,0,0,0,0,0,0,0,0,0,0,0,0,0,0,0,0,0,0,0,0,0,0,0,0,0,0,0,0,893.5
0,0,0,0,0,0,0,0,0,0,0,0,0,0,0,0,0,0,1,0,0,0,145,0,0,0,0,0,0,0,0,0,0,0,729.1666666666666
0,0,0,0,4,0,0,0,1,0,0,0,0,4,0,0,0,0,4,0,0,0,0,0,0,0,0,0,0,0,0,0,0,0,5307.533333333334
0,0,0,2,0,0,0,0,0,0,0,0,0,0,0,0,0,0,1,0,0,0,0,0,0,0,0,0,0,0,0,0,0,0,8187.833333333332
0,0,0,2,2,1,0,1,1,0,0,0,2,1,1,0,0,0,0,0,0,0,0,0,0,0,0,0,0,0,0,0,0,0,9955.5
0,0,0,2,1,1,0,17,2,4,1,0,1,0,0,0,0,2,0,0,0,0,0,0,0,0,0,0,0,0,0,0,0,0,22128.166666666668
0,0,2,6,2,0,0,0,0,0,0,1,1,0,1,1,1,0,0,2,0,0,925,0,0,0,0,0,0,0,0,0,0,0,4063.0
0,0,2,6,2,0,0,0,0,0,0,1,1,0,1,1,1,0,0,2,0,0,925,0,0,0,0,0,0,0,0,0,0,0,108.33333333333334
0,0,0,2,1,0,0,11,0,2,0,0,2,1,0,0,1,0,0,0,0,0,0,0,0,0,0,0,0,0,0,0,0,0,46826.50000000001
0,0,0,0,0,4,0,19,4,2,3,0,4,2,3,0,1,6,0,0,0,0,0,0,0,0,0,0,0,0,0,0,0,0,98.16666666666666
0,0,0,2,0,3,0,15,0,2,1,0,0,5,3,0,0,7,0,4,0,0,0,0,0,0,0,0,0,0,0,0,0,0,17496.0
2,0,0,4,3,0,0,0,0,1,1,0,4,2,1,0,0,0,1,0,0,0,555,0,0,0,0,0,0,0,0,0,0,0,8878.5
2,0,0,4,3,0,0,0,0,1,1,0,4,2,1,0,0,0,1,0,0,0,555,0,0,0,0,0,0,0,0,0,0,0,98.0
1,0,0,0,2,0,0,0,0,3,0,1,2,0,1,0,0,0,0,0,0,0,725,0,0,0,0,0,0,0,0,0,0,0,22097.166666666668
0,0,0,2,0,2,0,7,0,4,0,0,1,1,2,0,1,0,1,0,0,0,0,0,0,0,0,0,0,0,0,0,0,0,2396.833333333333
0,0,0,0,4,0,0,14,2,2,0,1,0,3,4,0,3,2,1,0,2,0,115,0,0,0,0,0,0,0,0,0,0,0,7449.700000000001
0,0,0,0,4,0,0,14,2,2,0,1,0,3,4,0,3,2,1,0,2,0,115,0,0,0,0,0,0,0,0,0,0,0,30590.000000000004
0,0,0,2,0,0,0,1,0,2,1,0,0,1,2,0,1,0,0,2,1,0,298,0,0,0,0,0,0,0,0,0,0,0,7463.833333333334
0,0,0,2,1,0,0,4,0,5,2,1,2,2,3,0,3,0,1,3,0,0,983,0,0,0,0,0,0,0,0,0,0,0,261.3333333333333
0,0,0,2,2,0,0,2,0,3,1,2,2,4,0,0,1,0,0,4,0,0,662,0,0,0,0,0,0,0,0,0,0,0,1672.5
0,5,0,0,0,0,0,0,0,0,0,0,0,0,0,0,0,0,0,0,0,0,0,0,0,0,0,0,0,0,0,0,0,0,845.5
0,0,0,0,0,0,0,0,0,0,0,0,0,2,0,0,0,0,0,0,0,0,0,0,0,0,0,0,0,0,0,0,0,0,1018.8
0,7,0,0,0,0,0,0,0,0,0,0,0,0,0,0,0,0,0,0,0,0,0,0,0,0,0,0,0,0,0,0,0,0,478.8666666666667
0,0,0,0,0,0,0,0,0,0,0,0,0,0,0,0,0,1,0,0,0,0,0,0,0,0,0,0,0,0,0,0,0,0,3221.833333333334
0,0,0,0,0,0,0,0,0,0,0,0,0,0,0,0,0,0,0,0,1,0,0,0,0,0,0,0,0,0,0,0,0,0,10210.0
0,0,0,2,0,4,0,0,0,0,0,0,0,3,1,0,0,0,1,0,0,0,0,0,0,0,0,0,0,0,0,0,0,0,20188.166666666664
0,0,0,2,0,1,0,44,0,9,0,0,0,6,0,0,1,0,0,2,1,0,0,0,0,0,0,0,0,0,0,0,0,0,13246.833333333332
0,0,1,0,0,0,0,0,0,0,1,0,2,0,0,0,1,0,1,0,1,0,1410,0,0,0,0,0,0,0,0,0,0,0,32991.166666666664
0,0,0,0,0,2,0,12,0,1,1,0,0,1,1,0,0,0,0,0,0,0,0,0,0,0,0,0,0,0,0,0,0,0,161.66666666666666
3,0,0,0,0,0,0,9,0,3,0,0,2,0,0,0,0,2,0,0,0,0,0,0,0,0,0,0,0,0,0,0,0,0,17867.833333333332
0,0,0,2,0,0,0,0,0,0,2,0,0,2,1,0,1,0,0,2,0,0,0,0,0,0,0,0,0,0,0,0,0,0,6813.333333333332
0,0,1,0,0,2,0,0,0,0,0,1,0,0,0,0,0,0,0,0,0,0,537,0,0,0,0,0,0,0,0,0,0,0,23.33333333333333
0,0,2,2,0,6,0,4,0,2,0,2,2,1,0,1,0,0,0,0,3,0,0,0,0,0,0,0,0,0,0,0,0,0,7593.0
0,0,0,0,0,0,0,0,0,2,0,0,0,0,0,0,0,0,0,0,0,0,0,0,0,0,0,0,0,0,0,0,0,0,10826.833333333334
0,0,0,0,0,0,0,0,0,0,0,0,0,1,0,0,0,0,0,0,0,0,0,0,0,0,0,0,0,0,0,0,0,0,1992.3333333333333
0,0,1,0,2,0,0,0,0,0,0,0,0,0,0,0,0,3,0,0,0,0,0,0,0,0,0,0,0,0,0,0,0,0,0.0
0,0,0,0,0,0,0,0,0,0,0,0,0,1,0,0,0,0,0,0,0,0,0,0,0,0,0,0,0,0,0,0,0,0,44800.0
0,0,2,0,2,0,0,0,0,0,0,0,0,0,0,0,0,2,0,0,0,0,0,0,0,0,0,0,0,0,0,0,0,0,34306.833333333336
0,0,0,0,0,1,0,0,0,0,0,0,4,0,0,0,0,0,0,3,0,0,1520,0,0,0,0,0,0,0,0,0,0,0,7952.5
0,0,0,2,0,3,0,0,0,0,0,0,0,3,1,0,0,0,1,0,1,0,0,0,0,0,0,0,0,0,0,0,0,0,17147.666666666668
0,0,0,0,1,0,0,1,2,0,0,0,1,0,0,1,0,0,0,0,0,0,0,0,0,0,0,0,0,0,0,0,0,0,91.5
0,0,0,0,1,0,0,0,0,0,0,0,0,0,0,0,0,0,0,0,0,0,0,0,0,0,0,0,0,0,0,0,0,0,55039.33333333334
0,0,0,0,1,3,0,4,0,1,0,2,0,5,5,0,1,0,0,0,0,0,582,0,0,0,0,0,0,0,0,0,0,0,7202.333333333334
0,0,0,0,3,0,0,0,0,0,0,0,0,0,0,0,0,0,1,0,0,0,540,0,0,0,0,0,0,0,0,0,0,0,22708.250000000004
0,0,1,4,5,4,0,8,3,2,1,0,3,4,1,0,0,0,1,0,1,0,295,0,0,0,0,0,0,0,0,0,0,0,46916.333333333336
0,0,0,6,0,0,0,0,0,2,0,0,2,4,1,2,1,0,1,2,1,0,482,0,0,0,0,0,0,0,0,0,0,0,69.33333333333333
0,0,0,0,0,0,0,0,0,0,1,0,1,0,0,0,1,1,0,0,0,1,0,0,0,0,0,0,0,0,0,0,0,0,96.83333333333331
0,0,1,4,0,0,0,10,1,1,0,0,0,6,0,0,0,0,0,2,1,0,0,0,0,0,0,0,0,0,0,0,0,0,150.33333333333334
0,0,0,2,1,2,0,0,0,0,0,0,1,5,0,0,0,0,0,0,0,0,0,0,0,0,0,0,0,0,0,0,0,0,15102.5
0,0,0,0,0,0,0,0,0,0,0,0,0,0,0,0,0,2,0,0,0,0,0,0,0,0,0,0,0,0,0,0,0,0,93.16666666666669
0,0,0,0,0,0,0,6,0,1,0,0,0,0,0,0,0,0,1,0,0,0,0,0,0,0,0,0,0,0,0,0,0,0,14644.166666666668
0,0,0,2,0,1,0,1,0,0,0,0,0,2,0,0,1,0,1,0,1,0,0,0,0,0,0,0,0,0,0,0,0,0,5142.833333333333
0,0,0,0,0,6,0,5,1,1,0,0,0,0,0,0,0,0,0,0,0,0,0,0,0,0,0,0,0,0,0,0,0,0,14020.0
0,0,1,0,0,2,0,0,0,0,0,0,0,0,0,0,0,0,0,0,0,0,0,0,0,0,0,0,0,0,0,0,0,0,23687.666666666668
0,0,0,2,0,0,0,9,0,0,0,0,0,3,1,0,2,0,0,0,1,0,612,0,0,0,0,0,0,0,0,0,0,0,12241.0
0,0,0,2,0,0,0,9,0,0,0,0,0,3,1,0,2,0,0,0,1,0,612,0,0,0,0,0,0,0,0,0,0,0,158.33333333333331
0,0,0,0,5,0,0,0,0,0,0,0,0,1,0,0,0,0,1,0,0,0,1365,0,0,0,0,0,0,0,0,0,0,0,583.1666666666666
0,0,0,0,0,0,1,0,0,0,0,0,0,0,0,1,1,0,0,0,0,0,0,0,0,0,0,0,0,0,0,0,0,0,9966.833333333334
0,0,0,2,4,2,0,0,0,0,0,0,0,1,2,0,0,0,1,2,0,0,0,0,0,0,0,0,0,0,0,0,0,0,898.6666666666665
0,0,1,4,0,10,2,20,1,5,0,0,1,8,0,3,0,0,1,0,1,0,0,0,0,0,0,0,0,0,0,0,0,0,16250.833333333332
0,0,1,4,0,10,2,20,1,5,0,0,1,8,0,3,0,0,1,0,1,0,0,0,0,0,0,0,0,0,0,0,0,0,93.83333333333334
0,0,1,0,0,0,0,32,0,0,0,0,0,2,0,0,0,0,0,0,0,0,0,0,0,0,0,0,0,0,0,0,0,0,9910.0
0,0,1,0,0,0,0,32,0,0,0,0,0,2,0,0,0,0,0,0,0,0,0,0,0,0,0,0,0,0,0,0,0,0,121.83333333333331
0,0,0,2,5,0,0,0,1,0,0,0,2,3,0,0,0,0,0,0,1,0,329,0,0,0,0,0,0,0,0,0,0,0,46554.0
0,0,0,0,0,0,0,0,0,0,0,0,2,1,0,1,0,0,0,0,0,0,1165,0,0,0,0,0,0,0,0,0,0,0,8024.0
0,0,0,0,0,0,0,0,0,0,0,0,2,1,0,1,0,0,0,0,0,0,1165,0,0,0,0,0,0,0,0,0,0,0,71.83333333333333
0,0,0,2,0,0,0,12,0,2,0,0,0,0,0,0,5,0,0,2,0,0,1010,0,0,0,0,0,0,0,0,0,0,0,100.83333333333331
0,0,0,0,3,0,0,0,0,0,0,0,0,1,1,0,0,0,1,0,0,0,0,0,0,0,0,0,0,0,0,0,0,0,18616.0
0,0,0,0,0,1,0,0,0,0,0,1,0,0,0,1,1,0,1,0,0,0,1308,0,0,0,0,0,0,0,0,0,0,0,196.0
0,0,0,0,0,0,0,0,0,0,0,0,0,0,0,0,0,0,1,0,0,1,0,0,0,0,0,0,0,0,0,0,0,0,11086.333333333334
2,0,0,0,0,0,0,0,0,0,0,1,0,0,0,1,3,0,0,0,0,0,0,0,0,0,0,0,0,0,0,0,0,0,38900.16666666666
0,0,0,2,1,4,0,0,0,0,0,0,0,2,1,0,1,0,0,2,0,0,941,0,0,0,0,0,0,0,0,0,0,0,46987.16666666666
0,0,0,0,0,0,0,0,0,0,1,0,0,0,0,0,0,0,0,2,0,0,0,0,0,0,0,0,0,0,0,0,0,0,91.83333333333331
0,0,0,0,0,0,0,0,4,0,0,0,3,1,0,0,0,0,3,2,1,0,314,0,0,0,0,0,0,0,0,0,0,0,1070.0
0,0,2,6,0,0,0,1,4,0,0,0,0,1,0,0,0,3,0,0,0,0,422,0,0,0,0,0,0,0,0,0,0,0,91.5
0,0,0,0,0,0,0,3,0,2,1,0,0,0,0,0,0,0,2,0,0,0,367,0,0,0,0,0,0,0,0,0,0,0,2955.5
0,0,0,2,0,2,0,0,2,0,1,0,0,0,1,0,1,10,0,6,2,0,51,0,0,0,0,0,0,0,0,0,0,0,6271.666666666666
0,0,0,0,0,0,0,2,3,0,2,0,0,1,0,0,0,0,1,3,0,0,237,0,0,0,0,0,0,0,0,0,0,0,33016.66666666667
0,0,0,0,0,27,4,72,17,7,0,0,2,0,0,0,0,7,0,0,0,0,0,0,0,0,0,0,0,0,0,0,0,0,26754.333333333336
0,0,0,4,1,3,0,26,4,3,6,0,3,1,2,0,0,0,1,3,0,0,136,0,0,0,0,0,0,0,0,0,0,0,17181.166666666668
0,0,0,4,1,3,0,26,4,3,6,0,3,1,2,0,0,0,1,3,0,0,136,0,0,0,0,0,0,0,0,0,0,0,88.66666666666667
0,0,0,2,3,1,0,3,0,0,0,0,2,1,1,0,0,1,1,0,0,0,12,0,0,0,0,0,0,0,0,0,0,0,76.5
0,0,2,2,1,1,3,5,4,2,0,0,1,0,0,1,0,0,0,0,0,0,118,0,0,0,0,0,0,0,0,0,0,0,1260.3333333333333
0,0,1,2,2,4,1,20,1,3,0,0,0,1,1,0,1,0,0,0,1,0,101,0,0,0,0,0,0,0,0,0,0,0,17026.0
0,0,0,0,0,0,3,3,0,1,0,0,0,0,0,0,0,0,0,0,0,0,51,0,0,0,0,0,0,0,0,0,0,0,92.0
0,0,0,0,1,2,0,0,0,0,0,0,0,0,0,0,0,0,0,0,0,0,78,0,0,0,0,0,0,0,0,0,0,0,32446.166666666668
0,0,0,0,0,1,0,0,0,0,1,0,0,1,0,0,0,0,0,0,0,0,112,0,0,0,0,0,0,0,0,0,0,0,44913.833333333336
0,0,0,2,1,2,0,0,3,0,0,0,0,1,0,0,0,0,0,0,0,0,84,0,0,0,0,0,0,0,0,0,0,0,10330.0
0,0,0,2,0,0,0,0,0,0,0,2,0,0,0,0,0,0,0,0,0,0,287,0,0,0,0,0,0,0,0,0,0,0,2417.833333333333
0,0,0,0,2,0,0,5,1,0,0,0,0,0,0,0,1,4,0,0,1,0,88,0,0,0,0,0,0,0,0,0,0,0,18526.83333333333
0,0,0,4,0,2,0,0,0,0,1,0,0,1,0,0,0,3,0,0,0,0,138,0,0,0,0,0,0,0,0,0,0,0,92.16666666666669
0,0,2,0,0,0,0,3,0,0,1,0,3,1,1,1,2,0,0,0,0,0,708,0,0,0,0,0,0,0,0,0,0,0,1099.0
0,0,1,2,5,2,0,0,3,1,0,0,2,1,1,1,0,0,1,0,1,0,349,0,0,0,0,0,0,0,0,0,0,0,655.1666666666666
0,0,1,0,2,7,0,8,3,8,1,0,2,5,3,0,1,3,1,2,1,0,0,0,0,0,0,0,0,0,0,0,0,0,10894.5
0,0,1,0,2,7,0,8,3,8,1,0,2,5,3,0,1,3,1,2,1,0,0,0,0,0,0,0,0,0,0,0,0,0,96.16666666666669
0,0,0,4,3,0,0,0,0,0,0,0,0,5,1,0,1,3,1,0,2,0,186,0,0,0,0,0,0,0,0,0,0,0,579.3333333333334
0,0,0,0,0,0,0,0,1,0,2,0,3,0,0,0,1,1,0,0,0,0,147,0,0,0,0,0,0,0,0,0,0,0,1257.6666666666663
0,0,1,0,2,0,4,0,1,0,0,0,2,0,0,0,0,4,0,0,0,0,58,0,0,0,0,0,0,0,0,0,0,0,559.0
0,0,0,4,0,0,0,3,1,0,0,0,0,1,0,0,0,1,0,2,0,0,406,0,0,0,0,0,0,0,0,0,0,0,92.83333333333334
0,0,0,0,0,1,0,0,1,0,0,0,0,0,0,0,0,0,0,0,1,0,292,0,0,0,0,0,0,0,0,0,0,0,0.0
0,0,0,0,0,3,0,0,2,0,0,0,2,0,0,0,0,2,0,0,0,0,0,0,0,0,0,0,0,0,0,0,0,0,3407.833333333334
0,0,0,2,4,1,0,0,3,0,2,0,2,1,0,0,0,0,1,0,0,0,201,0,0,0,0,0,0,0,0,0,0,0,9489.833333333332
0,0,0,4,0,15,1,12,0,1,0,0,1,4,0,2,0,0,0,0,1,0,0,0,0,0,0,0,0,0,0,0,0,0,11365.333333333334
0,0,0,2,0,0,0,0,0,2,1,0,4,0,0,0,0,0,2,0,0,0,187,0,0,0,0,0,0,0,0,0,0,0,3315.333333333334
0,0,0,2,1,0,0,0,0,4,0,0,0,1,1,0,0,0,1,2,0,0,108,0,0,0,0,0,0,0,0,0,0,0,98.0
0,0,0,2,0,2,0,0,1,0,0,0,0,2,1,0,0,0,1,2,0,0,108,0,0,0,0,0,0,0,0,0,0,0,8294.133333333333
0,0,0,2,0,0,0,0,0,0,0,0,0,0,0,0,0,0,0,0,0,0,0,0,0,0,0,0,0,0,0,0,0,0,526.0
0,0,1,4,0,0,0,0,0,0,0,0,2,1,1,1,0,3,0,2,1,0,450,0,0,0,0,0,0,0,0,0,0,0,7915.5
0,0,0,0,0,0,0,0,0,0,0,0,0,1,0,0,0,0,0,0,0,0,29,0,0,0,0,0,0,0,0,0,0,0,44706.0
0,3,0,0,0,0,0,0,0,0,0,0,0,0,1,0,0,0,0,0,0,0,0,0,0,0,0,0,0,0,0,0,0,0,2030.333333333333
0,0,0,0,1,0,0,0,0,1,0,0,0,3,1,0,1,0,1,2,0,0,0,0,0,0,0,0,0,0,0,0,0,0,10415.0
0,0,0,0,0,0,0,0,1,0,0,0,0,0,0,0,0,0,0,0,0,0,283,0,0,0,0,0,0,0,0,0,0,0,560.6666666666666
0,0,0,0,0,11,0,10,0,1,0,0,0,0,0,0,0,0,0,2,0,0,0,0,0,0,0,0,0,0,0,0,0,0,8671.833333333334
0,0,0,0,0,0,0,0,0,0,0,0,0,1,0,0,0,0,0,0,0,0,0,0,0,0,0,0,0,0,0,0,0,0,40.333333333333336
0,0,0,0,0,0,2,9,0,1,0,0,0,0,0,0,0,3,0,0,0,0,0,0,0,0,0,0,0,0,0,0,0,0,12667.0
0,0,0,2,1,0,0,0,0,0,0,1,2,4,4,1,0,0,1,4,1,0,223,0,0,0,0,0,0,0,0,0,0,0,3.333333333333333
0,0,0,0,2,0,0,0,0,2,1,0,0,4,1,0,1,0,0,3,1,0,0,0,0,0,0,0,0,0,0,0,0,0,14250.0
0,0,0,0,2,0,0,0,0,2,1,0,0,4,1,0,1,0,0,3,1,0,0,0,0,0,0,0,0,0,0,0,0,0,94.83333333333331
0,0,0,4,2,3,0,2,1,8,0,1,1,3,2,2,3,0,1,5,1,0,554,0,0,0,0,0,0,0,0,0,0,0,17009.55
0,0,0,0,3,5,0,5,0,0,0,0,0,4,1,0,0,0,1,0,0,0,0,0,0,0,0,0,0,0,0,0,0,0,20246.33333333333
0,0,0,4,0,2,0,0,0,0,0,0,0,0,0,0,0,0,0,3,0,0,881,0,0,0,0,0,0,0,0,0,0,0,89.83333333333333
0,0,0,2,0,0,3,0,0,0,0,0,0,3,0,0,0,0,1,0,1,0,0,0,0,0,0,0,0,0,0,0,0,0,13302.833333333332
0,0,0,0,0,0,0,0,0,0,2,0,0,0,0,0,0,0,0,0,0,0,0,0,0,0,0,0,0,0,0,0,0,0,536.5
0,0,0,0,0,0,0,11,0,1,1,0,0,0,1,0,1,0,0,0,1,1,1117,0,0,0,0,0,0,0,0,0,0,0,10916.333333333332
0,0,0,0,0,0,0,0,1,0,0,0,0,0,0,0,0,0,0,2,0,0,0,0,0,0,0,0,0,0,0,0,0,0,92.83333333333334
0,2,0,2,1,5,0,5,0,3,0,0,0,4,0,0,0,0,1,0,1,0,0,0,0,0,0,0,0,0,0,0,0,0,14534.666666666668
0,0,0,0,3,2,0,21,0,2,2,0,0,6,4,0,0,0,0,0,0,0,0,0,0,0,0,0,0,0,0,0,0,0,15761.0
0,0,0,0,1,0,0,0,0,0,0,0,0,1,0,0,0,0,0,0,0,0,1922,0,0,0,0,0,0,0,0,0,0,0,3554.833333333333
0,2,0,0,0,0,0,0,0,0,0,0,0,0,0,0,0,0,0,0,0,0,0,0,0,0,0,0,0,0,0,0,0,0,10073.5
0,0,0,2,0,2,0,0,0,0,0,0,0,0,0,0,0,0,0,0,0,0,1152,0,0,0,0,0,0,0,0,0,0,0,97.83333333333331
0,0,0,0,0,0,0,0,0,0,0,0,0,1,0,0,1,0,0,0,0,3,0,0,0,0,0,0,0,0,0,0,0,0,10777.833333333334
0,0,0,0,0,0,0,0,0,0,0,0,0,1,0,0,1,0,0,0,0,3,0,0,0,0,0,0,0,0,0,0,0,0,558.0
0,0,0,0,0,6,1,0,1,0,0,0,0,0,0,0,0,0,0,0,0,0,0,0,0,0,0,0,0,0,0,0,0,0,946.8333333333334
0,0,0,0,0,0,0,0,0,0,0,0,0,0,0,0,0,1,0,0,0,0,0,0,0,0,0,0,0,0,0,0,0,0,4728.166666666667
0,0,1,0,0,21,6,0,12,1,0,0,0,0,0,0,0,2,0,0,1,0,0,0,0,0,0,0,0,0,0,0,0,0,4081.5
0,0,0,0,0,0,0,0,2,1,0,0,0,0,0,0,0,0,0,0,0,0,63,0,0,0,0,0,0,0,0,0,0,0,1947.5
0,0,0,4,0,2,2,0,0,0,0,1,0,2,0,0,0,1,0,0,0,0,294,0,0,0,0,0,0,0,0,0,0,0,93.33333333333334
0,0,2,2,4,8,0,7,1,2,0,0,0,6,0,0,2,0,0,4,0,0,190,0,0,0,0,0,0,0,0,0,0,0,6366.0
0,0,0,2,5,0,0,0,0,2,0,0,0,1,1,0,0,0,1,0,0,0,393,0,0,0,0,0,0,0,0,0,0,0,56481.833333333336
0,0,0,0,0,0,0,0,1,0,0,0,0,0,0,0,0,0,0,0,0,0,44,0,0,0,0,0,0,0,0,0,0,0,1802.5
0,0,2,2,1,0,0,12,3,4,0,0,0,1,1,0,0,6,1,4,1,0,329,0,0,0,0,0,0,0,0,0,0,0,3274.883333333333
0,0,0,0,0,1,0,1,0,2,1,0,0,0,0,0,1,2,0,2,1,0,92,0,0,0,0,0,0,0,0,0,0,0,16228.166666666664
0,0,0,2,0,6,0,0,3,1,0,0,1,2,2,1,1,0,0,2,1,0,21,0,0,0,0,0,0,0,0,0,0,0,7999.666666666666
0,0,0,2,0,0,0,0,0,0,0,0,0,0,0,0,0,0,0,2,0,0,0,0,0,0,0,0,0,0,0,0,0,0,8762.833333333334
0,0,0,0,1,2,0,1,0,0,0,1,0,3,1,0,0,0,1,0,0,0,0,0,0,0,0,0,0,0,0,0,0,0,10450.833333333334
0,0,0,0,0,6,0,5,2,1,0,0,0,0,0,0,0,0,0,0,0,0,476,0,0,0,0,0,0,0,0,0,0,0,96.16666666666666
0,0,0,0,0,4,0,0,0,0,0,0,0,0,0,0,0,0,0,2,0,0,414,0,0,0,0,0,0,0,0,0,0,0,14512.166666666668
0,0,0,0,0,6,0,0,0,0,0,0,0,1,0,0,0,0,1,0,0,0,0,0,0,0,0,0,0,0,0,0,0,0,87.0
0,0,0,0,1,0,0,0,0,0,2,0,0,1,2,0,2,0,1,4,0,0,1056,0,0,0,0,0,0,0,0,0,0,0,100.16666666666666
0,0,0,0,0,1,0,0,0,0,0,0,0,2,0,0,0,0,0,2,0,0,0,0,0,0,0,0,0,0,0,0,0,0,5341.0
0,0,0,0,0,1,0,11,0,3,0,0,3,3,4,0,0,0,1,0,0,0,748,0,0,0,0,0,0,0,0,0,0,0,13222.166666666668
0,0,0,0,0,1,0,11,0,3,0,0,3,3,4,0,0,0,1,0,0,0,748,0,0,0,0,0,0,0,0,0,0,0,165.16666666666666
0,0,0,0,0,2,0,0,0,0,0,0,0,0,0,0,0,0,0,0,0,0,0,0,0,0,0,0,0,0,0,0,0,0,18902.166666666668
0,0,0,2,2,5,2,27,0,3,0,0,2,5,2,0,0,3,0,3,0,0,0,0,0,0,0,0,0,0,0,0,0,0,11854.0
0,0,0,0,0,0,0,0,0,0,0,0,2,0,0,0,0,0,0,0,0,0,0,0,0,0,0,0,0,0,0,0,0,0,13351.5
0,0,0,2,0,0,1,0,0,0,0,0,0,1,0,0,1,2,0,2,0,1,0,0,0,0,0,0,0,0,0,0,0,0,4762.666666666666
0,0,0,2,0,3,0,21,0,9,0,1,0,4,0,0,0,3,0,0,0,0,0,0,0,0,0,0,0,0,0,0,0,0,21314.33333333333
0,0,0,0,0,1,0,1,0,0,0,0,0,4,0,0,0,0,0,0,1,0,0,0,0,0,0,0,0,0,0,0,0,0,14243.333333333332
0,0,0,2,0,5,0,2,0,2,0,0,1,1,0,0,1,0,1,2,0,0,0,0,0,0,0,0,0,0,0,0,0,0,12770.833333333332
0,0,0,0,0,0,0,0,0,0,0,0,0,0,0,0,0,0,0,2,0,0,479,0,0,0,0,0,0,0,0,0,0,0,28.383333333333336
0,0,0,0,1,6,0,0,0,0,0,0,0,0,0,0,0,0,0,0,0,0,0,0,0,0,0,0,0,0,0,0,0,0,3248.5
0,0,0,2,0,0,0,0,0,6,0,0,0,2,1,1,0,0,0,0,1,0,0,0,0,0,0,0,0,0,0,0,0,0,91.33333333333331
0,0,0,0,1,0,0,0,0,0,0,0,0,0,0,0,0,0,0,3,0,0,0,0,0,0,0,0,0,0,0,0,0,0,4282.116666666667
0,0,0,0,0,6,0,40,0,3,0,0,0,4,1,0,0,0,0,0,0,0,0,0,0,0,0,0,0,0,0,0,0,0,7672.0
0,0,0,0,0,0,0,0,0,0,0,0,0,1,0,0,0,0,0,0,0,0,0,0,0,0,0,0,0,0,0,0,0,0,1227.8333333333333
0,0,0,2,0,0,0,0,0,0,0,0,1,2,2,0,0,0,0,0,0,0,0,0,0,0,0,0,0,0,0,0,0,0,12160.0
0,0,0,2,1,6,0,0,0,1,0,0,0,4,0,0,0,0,1,0,1,0,0,0,0,0,0,0,0,0,0,0,0,0,24322.333333333336
0,0,0,2,1,0,0,21,0,3,0,0,2,4,4,0,0,0,0,2,1,0,0,0,0,0,0,0,0,0,0,0,0,0,85.66666666666667
0,0,0,0,1,5,0,0,0,1,0,0,0,1,1,1,1,8,2,0,0,0,0,0,0,0,0,0,0,0,0,0,0,0,4656.5
0,0,0,0,1,5,0,0,0,1,0,0,0,1,1,1,1,8,2,0,0,0,0,0,0,0,0,0,0,0,0,0,0,0,92.5
0,0,1,5,0,0,2,12,0,1,4,0,0,1,1,0,1,4,1,2,0,0,2332,0,0,0,0,0,0,0,0,0,0,0,7552.333333333334
0,0,1,0,1,0,0,43,0,3,0,1,0,1,0,2,0,0,0,2,0,0,0,0,0,0,0,0,0,0,0,0,0,0,38892.833333333336
0,0,1,0,1,0,0,43,0,3,0,1,0,1,0,2,0,0,0,2,0,0,0,0,0,0,0,0,0,0,0,0,0,0,89.83333333333333
0,0,0,2,0,0,0,0,1,0,0,0,0,2,1,1,0,0,0,2,0,1,0,0,0,0,0,0,0,0,0,0,0,0,13836.5
0,0,0,0,1,0,0,8,0,0,3,0,1,1,3,1,2,0,1,0,0,0,1175,0,0,0,0,0,0,0,0,0,0,0,131.16666666666666
0,0,0,2,0,0,0,0,0,0,0,0,0,2,0,0,0,0,0,0,0,0,0,0,0,0,0,0,0,0,0,0,0,0,12322.833333333332
0,0,1,0,1,0,0,36,0,1,0,0,0,4,2,0,0,0,0,0,1,0,0,0,0,0,0,0,0,0,0,0,0,0,8819.333333333334
0,0,1,2,0,0,0,0,0,0,0,0,0,0,0,0,0,0,0,0,0,0,352,0,0,0,0,0,0,0,0,0,0,0,262.6666666666667
0,0,0,0,0,0,0,0,1,0,0,0,0,0,0,0,0,0,0,0,1,0,0,0,0,0,0,0,0,0,0,0,0,0,339.0
0,0,0,0,0,0,0,0,1,0,0,0,0,0,0,0,0,0,0,0,0,0,0,0,0,0,0,0,0,0,0,0,0,0,55.833333333333336
0,0,0,2,0,4,2,0,0,1,0,0,0,3,0,0,0,0,0,3,1,0,0,0,0,0,0,0,0,0,0,0,0,0,12522.5
0,0,0,0,0,2,0,0,0,0,1,1,0,0,1,0,0,0,0,0,0,0,391,0,0,0,0,0,0,0,0,0,0,0,105.66666666666666
0,0,0,2,1,0,0,0,4,0,1,1,0,1,1,0,0,0,0,0,1,0,0,0,0,0,0,0,0,0,0,0,0,0,89.5
0,0,0,2,0,3,0,0,0,0,0,0,0,3,0,0,0,0,0,0,2,0,0,0,0,0,0,0,0,0,0,0,0,0,20404.5
0,0,0,2,3,0,0,0,0,0,0,0,1,0,1,0,0,0,1,0,0,0,414,0,0,0,0,0,0,0,0,0,0,0,40601.0
0,0,0,0,4,0,0,3,1,6,1,0,3,0,0,0,1,0,0,3,0,0,530,0,0,0,0,0,0,0,0,0,0,0,90.83333333333334
0,0,0,0,1,0,0,0,0,0,0,0,0,0,0,0,0,0,0,0,0,0,111,0,0,0,0,0,0,0,0,0,0,0,2258.0
0,0,2,0,0,1,0,0,0,0,0,0,0,1,0,0,1,0,0,2,0,0,319,0,0,0,0,0,0,0,0,0,0,0,23.48333333333333
0,0,0,2,0,2,0,0,1,0,0,0,1,2,1,0,0,0,0,2,1,0,0,0,0,0,0,0,0,0,0,0,0,0,102.66666666666666
0,0,0,2,0,0,0,0,0,0,0,0,0,0,0,0,0,0,0,0,0,0,0,0,0,0,0,0,0,0,0,0,0,0,20679.166666666668
0,0,0,0,0,0,1,0,0,0,0,0,0,0,0,0,0,0,0,0,0,0,225,0,0,0,0,0,0,0,0,0,0,0,14514.6
0,0,0,0,0,0,0,0,0,0,0,0,0,0,0,0,0,0,0,0,0,1,0,0,0,0,0,0,0,0,0,0,0,0,8979.666666666666
0,0,0,0,1,0,0,0,0,0,0,0,0,2,0,0,0,0,1,0,0,0,0,0,0,0,0,0,0,0,0,0,0,0,4403.333333333334
0,0,0,0,0,0,0,0,0,0,0,0,0,1,0,0,0,0,0,0,0,0,0,0,0,0,0,0,0,0,0,0,0,0,753.0000000000001
0,0,0,2,1,2,1,3,1,2,0,1,2,4,4,2,1,0,3,2,1,0,264,0,0,0,0,0,0,0,0,0,0,0,9703.333333333334
0,0,1,2,0,6,2,10,2,3,0,0,0,3,1,0,0,3,0,2,0,0,0,0,0,0,0,0,0,0,0,0,0,0,12377.333333333336
0,0,0,0,0,0,0,4,0,0,0,0,0,3,0,0,0,0,0,2,0,0,0,0,0,0,0,0,0,0,0,0,0,0,14902.0
0,0,0,0,0,0,0,0,0,0,0,0,1,0,3,0,0,0,0,2,0,0,1612,0,0,0,0,0,0,0,0,0,0,0,92.0
0,0,1,0,0,6,0,42,0,6,0,0,2,2,0,0,1,0,0,0,0,0,0,0,0,0,0,0,0,0,0,0,0,0,29623.000000000004
0,0,1,0,0,6,0,42,0,6,0,0,2,2,0,0,1,0,0,0,0,0,0,0,0,0,0,0,0,0,0,0,0,0,74.53333333333333
0,0,0,2,0,1,0,10,2,5,3,0,2,4,5,1,2,0,0,3,2,1,0,0,0,0,0,0,0,0,0,0,0,0,115.66666666666669
0,0,0,0,0,0,0,0,2,0,0,0,0,0,0,0,0,0,0,0,0,0,0,0,0,0,0,0,0,0,0,0,0,0,17185.166666666668
0,0,0,2,0,0,0,0,0,0,0,0,0,3,2,0,0,0,0,0,1,0,0,0,0,0,0,0,0,0,0,0,0,0,18515.33333333333
0,0,0,2,0,0,0,0,0,0,0,0,0,3,2,0,0,0,0,0,1,0,0,0,0,0,0,0,0,0,0,0,0,0,1503.3333333333337
0,0,0,0,1,0,0,0,0,0,0,0,2,0,0,0,0,0,0,0,0,0,1058,0,0,0,0,0,0,0,0,0,0,0,39393.833333333336
0,0,0,2,0,6,0,0,0,1,0,0,0,5,0,0,0,0,1,0,0,1,0,0,0,0,0,0,0,0,0,0,0,0,24914.5
0,0,0,0,0,0,0,0,0,0,0,0,2,1,1,0,0,0,0,2,0,0,529,0,0,0,0,0,0,0,0,0,0,0,3860.0
0,0,1,2,2,3,0,7,2,3,3,0,1,2,6,0,2,0,0,2,0,0,571,0,0,0,0,0,0,0,0,0,0,0,10166.0
0,0,0,2,0,6,2,9,1,6,0,1,2,2,0,0,2,0,0,0,0,0,0,0,0,0,0,0,0,0,0,0,0,0,89.66666666666667
0,0,0,0,1,1,0,10,0,0,0,0,2,0,1,0,1,0,0,0,0,0,0,0,0,0,0,0,0,0,0,0,0,0,15852.333333333332
0,0,0,2,0,0,0,0,0,0,0,0,0,0,0,0,0,0,1,0,0,0,778,0,0,0,0,0,0,0,0,0,0,0,493.1666666666666
0,0,0,0,0,0,0,0,0,0,0,0,0,1,0,0,0,0,0,0,0,0,0,0,0,0,0,0,0,0,0,0,0,0,3216.4999999999995
0,0,2,0,0,1,0,0,0,0,0,0,0,0,0,0,0,0,1,2,0,0,0,0,0,0,0,0,0,0,0,0,0,0,758.3333333333333
0,0,0,2,0,0,0,0,0,0,0,0,0,0,0,0,0,0,2,0,0,0,0,0,0,0,0,0,0,0,0,0,0,0,4832.166666666666
0,7,0,0,0,0,0,0,0,0,0,0,0,0,0,0,0,0,0,0,0,0,0,0,0,0,0,0,0,0,0,0,0,0,376.23333333333335
0,0,0,0,0,2,0,0,0,0,0,0,0,2,0,0,0,0,1,0,0,0,0,0,0,0,0,0,0,0,0,0,0,0,10094.166666666666
0,0,1,0,0,0,0,0,0,2,0,0,5,0,0,0,0,0,1,2,0,0,0,0,0,0,0,0,0,0,0,0,0,0,38459.49999999999
0,0,0,2,0,2,0,1,0,0,0,0,0,1,1,0,0,0,0,4,0,0,1004,0,0,0,0,0,0,0,0,0,0,0,1319.8333333333333
0,0,1,0,0,3,2,45,0,7,0,0,1,4,1,0,0,2,0,0,0,1,0,0,0,0,0,0,0,0,0,0,0,0,20618.166666666664
0,0,1,0,0,3,2,45,0,7,0,0,1,4,1,0,0,2,0,0,0,1,0,0,0,0,0,0,0,0,0,0,0,0,103.83333333333334
0,0,1,0,0,3,0,27,0,2,0,0,0,2,0,0,0,0,0,0,0,0,0,0,0,0,0,0,0,0,0,0,0,0,4169.333333333334
0,0,0,2,0,0,0,0,0,0,0,0,0,0,0,1,0,0,0,0,1,0,0,0,0,0,0,0,0,0,0,0,0,0,108.66666666666666
0,0,1,0,0,5,3,3,0,4,1,0,0,1,0,0,0,2,1,0,0,0,0,0,0,0,0,0,0,0,0,0,0,0,7628.333333333334
0,0,1,0,0,5,3,3,0,4,1,0,0,1,0,0,0,2,1,0,0,0,0,0,0,0,0,0,0,0,0,0,0,0,87.5
0,0,1,0,3,0,0,0,0,0,0,0,4,1,0,0,0,0,0,0,1,0,965,0,0,0,0,0,0,0,0,0,0,0,19567.33333333333
0,0,0,2,2,0,0,3,0,0,0,0,0,6,1,0,0,0,0,2,0,0,0,0,0,0,0,0,0,0,0,0,0,0,10523.666666666666
0,0,0,0,1,6,0,19,0,4,0,0,4,4,0,0,0,4,0,2,1,0,0,0,0,0,0,0,0,0,0,0,0,0,23519.5
0,0,0,0,1,6,0,19,0,4,0,0,4,4,0,0,0,4,0,2,1,0,0,0,0,0,0,0,0,0,0,0,0,0,94.5
0,0,0,0,0,11,0,19,0,0,1,0,2,0,0,0,0,0,0,0,0,0,0,0,0,0,0,0,0,0,0,0,0,0,95.66666666666669
